{"train/loss": 1.2213060855865479, "_timestamp": 1725034921.6917467, "_runtime": 9.306854724884033, "_step": 0, "_wandb": {"runtime": 13}}