{"train/loss": 1.086937665939331, "_timestamp": 1725145194.8711157, "_runtime": 143.66825771331787, "_step": 29, "val/overall/accuracy": 0.8984290843806104, "val/overall/balanced_acc": 0.5, "val/overall/ECE": 0.02764424147448859, "val/overall/BCE": 0.33235255181287787, "val/overall/AUROC": 0.5092007962034745, "val/overall/AUPRC": 0.10594927519334962, "val/overall/macro_avg/macro_avg_precision": 0.4492145421903052, "val/overall/macro_avg/macro_avg_recall": 0.5, "val/overall/macro_avg/macro_avg_f1-score": 0.4732486937607868, "val/overall/weighted_avg/weighted_avg_precision": 0.807174819660982, "val/overall/weighted_avg/weighted_avg_recall": 0.8984290843806104, "val/overall/weighted_avg/weighted_avg_f1-score": 0.8503607812396472, "test_table": {"_type": "table-file", "sha256": "9aec98644f523ad677b1484dd2d5eab203f48a70755ae9fcf99d07130478db15", "size": 4303, "path": "media/table/test_table_29_9aec98644f523ad677b1.table.json", "ncols": 26, "nrows": 19}, "_wandb": {"runtime": 143}}